accession	AA	pos.	start	end	adducts (loc. + unique)	NT (loc. + unique)	charges (loc. + unique)	CSMs (loc. + unique)	CSMs (loc. + shared)	precursors (loc. + unique)	precursors (loc. + shared)	adducts (\wo loc. + unique)	charges (\wo loc. + unique)	CSMs (\wo loc. + unique)	CSMs (\wo loc. + shared)	precursors (\wo loc. + unique)	precursors (\wo loc. + shared)	ambiguities	peptide
sp|P0A9B2|G3P1_ECOLI	K	107	107	114	U-H2O1	U	2	1	0	1	0			0	0	0	0		KHITAGAK
sp|P0A9B2|G3P1_ECOLI	K	115	115	123	U-H2O1	U	2	2	0	1	0			0	0	0	0		KVVMTGPSK
sp|P0A9B2|G3P1_ECOLI	G	187	184	194	U	U	3	1	0	1	0			0	0	0	0		TVDGPSHKDWR
sp|P0A9B2|G3P1_ECOLI	H	190	184	194	U	U	3	1	0	1	0			0	0	0	0		TVDGPSHKDWR
sp|P60438|RL3_ECOLI	H	66	59	69	AU	U	3	1	0	1	0			0	0	0	0		VTKPEAGHFAK
sp|P60438|RL3_ECOLI	K	105	105	113	U-H2O1	U	2	1	0	1	0			0	0	0	0		KVDVTGTSK
sp|P60438|RL3_ECOLI	G	110	106	115	U-H2O1	U	2	1	0	1	0			0	0	0	0		VDVTGTSKGK
sp|P0A7S3|RS12_ECOLI	Y	37	36	42	U	U	2	1	0	1	0			0	0	0	0		VYTTTPK
sp|P0A7S3|RS12_ECOLI	K	43	43	49	U-H2O1	U	2	2	0	1	0			0	0	0	0		KPNSALR
sp|P0A7M2|RL28_ECOLI	C	4	3	9	AU-H2O1	U	2	2	0	1	0	AU-H2O1	2	1	0	1	0		VCQVTGK
sp|P60422|RL2_ECOLI	K	6	5	12	AU	U	2	1	0	1	0			0	0	0	0		CKPTSPGR
sp|P60422|RL2_ECOLI	N	225	221	241	GU	U	4	1	0	1	0			0	0	0	0		GTAMNPVDHPHGGGEGRNFGK
sp|P0C018|RL18_ECOLI	K	67	63	75	CU-H2O1	U	3	2	0	1	0			0	0	0	0		YTGNKDAAAAVGK
sp|P0AG67|RS1_ECOLI	V	165	162	169	AU	U	3	1	0	1	0			0	0	0	0		RNNVVVSR
sp|P0AG67|RS1_ECOLI	K	449	449	456	U-H2O1	U	2	1	0	1	0			0	0	0	0		KGAIVTGK
sp|P0A7N4|RL32_ECOLI	D	45	40	49	U	U	3	1	0	1	0			0	0	0	0		HHITADGYYR
sp|P0A7N4|RL32_ECOLI	Y	48	40	49	U	U	3	1	0	1	0			0	0	0	0		HHITADGYYR
sp|P0A8V2|RPOB_ECOLI	K	1077	1069	1077	U-H2O1	U	3	1	0	1	0			0	0	0	0		HGNKGVISK
sp|P0A7Q1|RL35_ECOLI	K	24	23	29	U-H2O1	U	3	1	0	1	0			0	0	0	0		HKHANLR
sp|P0A7M9|RL31_ECOLI	D	3	2	7	CU-H2O1	U	3	1	0	1	0			0	0	0	0		KDIHPK
sp|P06992|RSMA_ECOLI	G	7	4	11	AU	U	3	1	0	1	0			0	0	0	0		VHQGHLAR
sp|P02413|RL15_ECOLI	S	67	63	68	AU	U	2	1	0	1	0			0	0	0	0		FGFTSR
sp|P02359|RS7_ECOLI	A	151	149	154	CU	U	3	1	0	1	0			0	0	0	0		AFAHYR

=============================================================
Run summary:
CSMs:	28
Proteins:	14

=============================================================
Protein summary:
accession	CSMs (unique pep.)	CSMs (shared pep.)	group type
sp|P0A9B2|G3P1_ECOLI	5	0	protein
sp|P60438|RL3_ECOLI	3	0	protein
sp|P0A7S3|RS12_ECOLI	3	0	protein
sp|P0A7M2|RL28_ECOLI	3	0	protein
sp|P60422|RL2_ECOLI	2	0	protein
sp|P0C018|RL18_ECOLI	2	0	protein
sp|P0AG67|RS1_ECOLI	2	0	protein
sp|P0A7N4|RL32_ECOLI	2	0	protein
sp|P0A8V2|RPOB_ECOLI	1	0	protein
sp|P0A7Q1|RL35_ECOLI	1	0	protein
sp|P0A7M9|RL31_ECOLI	1	0	protein
sp|P06992|RSMA_ECOLI	1	0	protein
sp|P02413|RL15_ECOLI	1	0	protein
sp|P02359|RS7_ECOLI	1	0	protein

=============================================================
Crosslink efficiency (AA freq. / AA freq. in all CSMs):
A	0.414141414141414
C	6.074074074074074
D	1.518518518518518
G	0.911111111111111
H	1.071895424836601
K	3.416666666666666
N	0.911111111111111
S	0.759259259259259
V	0.364444444444444
Y	2.277777777777777

=============================================================
Precursor adduct summary:
Precursor adduct:	PSMs:	PSMs(%)
U-H2O1	10	35.714285714285715
U	5	17.857142857142858
AU	5	17.857142857142858
CU-H2O1	3	10.714285714285714
AU-H2O1	3	10.714285714285714
GU	1	3.571428571428572
CU	1	3.571428571428572
